Key,English(en),Turkish(tr),Spanish(es),Portuguese (Brazil)(pt-BR),German(de),French(fr),Russian(ru),Japanese(ja)
village.income,"+{0} / hour","+{0} / saat","+{0} / hora","+{0} / hora","+{0} / Std.","+{0} / heure","+{0} / час","+{0} / 時間"
village.collect,Collect,Topla,Recoger,Coletar,Einsammeln,Récolter,Собрать,回収
village.tab_buildings,Buildings,Binalar,Edificios,Prédios,Gebäude,Bâtiments,Здания,建物
village.tab_islands,Islands,Adalar,Islas,Ilhas,Inseln,Îles,Острова,島
island.buy,Buy,Satın al,Comprar,Comprar,Kaufen,Acheter,Купить,購入
island.owned,Yours!,Senin!,¡Tuya!,Sua!,Deine!,À toi !,Твой!,所有中
island.buy_previous,Buy the island before,Önce önceki adayı al,Compra la isla anterior,Compre a ilha anterior,Kaufe erst die vorige Insel,Achète l'île précédente,Сначала купи предыдущий,前の島を先に購入
island.palm_cove.name,Palm Cove,Palmiye Koyu,Cala Palmera,Enseada das Palmas,Palmenbucht,Crique aux Palmiers,Пальмовая бухта,ヤシの入り江
island.palm_cove.desc,+8 homes · +25% income,+8 ev · +%25 gelir,+8 casas · +25% ingresos,+8 casas · +25% renda,+8 Häuser · +25% Einkommen,+8 logis · +25% revenus,+8 домов · +25% дохода,家+8・収入+25%
island.coral_reef.name,Coral Reef,Mercan Resifi,Arrecife de Coral,Recife de Coral,Korallenriff,Récif de Corail,Коралловый риф,サンゴ礁
island.coral_reef.desc,+8 homes · +25% income,+8 ev · +%25 gelir,+8 casas · +25% ingresos,+8 casas · +25% renda,+8 Häuser · +25% Einkommen,+8 logis · +25% revenus,+8 домов · +25% дохода,家+8・収入+25%
island.fisher_bay.name,Fisher's Bay,Balıkçı Körfezi,Bahía Pesquera,Baía dos Pescadores,Fischerbucht,Baie des Pêcheurs,Рыбацкий залив,漁師の湾
island.fisher_bay.desc,+8 homes · +25% income,+8 ev · +%25 gelir,+8 casas · +25% ingresos,+8 casas · +25% renda,+8 Häuser · +25% Einkommen,+8 logis · +25% revenus,+8 домов · +25% дохода,家+8・収入+25%
island.sky_peak.name,Sky Peak,Gök Tepe,Pico del Cielo,Pico do Céu,Himmelsgipfel,Pic du Ciel,Небесный пик,空の峰
island.sky_peak.desc,+8 homes · +25% income,+8 ev · +%25 gelir,+8 casas · +25% ingresos,+8 casas · +25% renda,+8 Häuser · +25% Einkommen,+8 logis · +25% revenus,+8 домов · +25% дохода,家+8・収入+25%
village.no_supplies,Out of supplies! Sail tonight,Erzak bitti! Denize açıl,¡Sin provisiones! Zarpa,Sem suprimentos! Navegue,Keine Vorräte! Stich in See,Plus de vivres ! Prends la mer,Нет припасов! В море,物資切れ！出航しよう
village.supplies,"Supplies {0}/{1} · Workers {2}/{3}","Erzak {0}/{1} · İşçi {2}/{3}","Provisiones {0}/{1} · Obreros {2}/{3}","Suprimentos {0}/{1} · Trabalhadores {2}/{3}","Vorräte {0}/{1} · Arbeiter {2}/{3}","Vivres {0}/{1} · Ouvriers {2}/{3}","Припасы {0}/{1} · Рабочие {2}/{3}","物資 {0}/{1}・働き手 {2}/{3}"
village.needs_people,"Rescue more: {0} people","Daha çok kurtar: {0} kişi","Rescata más: {0} personas","Resgate mais: {0} pessoas","Rette mehr: {0} Leute","Sauve-en plus : {0} pers.","Спаси больше: {0} чел.","もっと救助: {0}人"
win.supplies,"+{0} supplies for the village","Köye +{0} erzak","+{0} provisiones para la aldea","+{0} suprimentos para a vila","+{0} Vorräte fürs Dorf","+{0} vivres pour le village","+{0} припасов для деревни","村に物資+{0}"
village.explore,Explore,Köyü Gez,Explorar,Explorar,Erkunden,Explorer,Осмотреть,探索
village.manage,Build,Yönet,Gestionar,Gerenciar,Verwalten,Gérer,Управлять,管理
village.tab_boat,Boat,Tekne,Barco,Barco,Boot,Bateau,Лодка,ボート
boat_up.sail.name,Sail,Yelken,Vela,Vela,Segel,Voile,Парус,帆
boat_up.sail.desc,Faster cruising speed,Daha yüksek seyir hızı,Más velocidad de crucero,Mais velocidade,Schnelleres Segeln,Vitesse de croisière,Выше скорость,巡航速度アップ
boat_up.hull.name,Hull,Gövde,Casco,Casco,Rumpf,Coque,Корпус,船体
boat_up.hull.desc,Rocks hurt less; people hold on,Kayalar daha az zarar verir,Las rocas dañan menos,Rochas ferem menos,Felsen schaden weniger,Les rochers font moins mal,Камни вредят меньше,岩のダメージ軽減
boat_up.lamp.name,Search Lamp,Arama Feneri,Lámpara,Lanterna,Suchlampe,Lampe,Прожектор,サーチライト
boat_up.lamp.desc,Reach castaways and lanterns further,Kazazedeleri daha uzaktan al,Alcanza náufragos más lejos,Alcance maior,Größere Reichweite,Portée accrue,Дальше подбираешь,拾える範囲アップ
village.levelup,"Village level {0}! +{1} coins","Köy seviye {0}! +{1} para","¡Aldea nivel {0}! +{1} monedas","Vila nível {0}! +{1} moedas","Dorf Stufe {0}! +{1} Münzen","Village niveau {0} ! +{1} pièces","Деревня ур. {0}! +{1} монет","村レベル{0}！+{1}コイン"
village.tip.homeless,Not enough homes: build a Shelter!,Yeterli ev yok: Barınak kur!,Faltan casas: ¡construye un Refugio!,Faltam casas: construa um Abrigo!,Zu wenig Häuser: Baue eine Unterkunft!,Pas assez de logis : construis un Abri !,Не хватает домов: построй приют!,家が足りない：避難所を建てよう！
village.tip.hungry,The pantry is empty: build a Restaurant!,Kiler boş: Restoran kur!,Despensa vacía: ¡construye un Restaurante!,Despensa vazia: construa um Restaurante!,Vorrat leer: Baue ein Restaurant!,Garde-manger vide : construis un Restaurant !,Кладовая пуста: построй ресторан!,食料庫が空：レストランを建てよう！
village.chat,A nice chat made their day! +XP,Güzel bir sohbet! +XP,¡Una buena charla! +XP,Um bom papo! +XP,Ein nettes Gespräch! +XP,Une bonne discussion ! +XP,Приятная беседа! +XP,楽しいおしゃべり！+XP
village.gift,"A thank-you gift! +{0} coins","Teşekkür hediyesi! +{0} para","¡Un regalo! +{0} monedas","Um presente! +{0} moedas","Ein Geschenk! +{0} Münzen","Un cadeau ! +{0} pièces","Подарок! +{0} монет","お礼のプレゼント！+{0}コイン"
village.fed_coins,Bought them a meal (5 coins) +XP,Yemek aldın (5 para) +XP,Le compraste comida (5) +XP,Comprou uma refeição (5) +XP,Essen gekauft (5 Münzen) +XP,Repas acheté (5 pièces) +XP,Купил еду (5 монет) +XP,食事を買った(5コイン)+XP
village.fed,Fed from the pantry! +XP,Kilerden doyurdun! +XP,¡Alimentado! +XP,Alimentado! +XP,Satt gemacht! +XP,Nourri ! +XP,Накормлен! +XP,ごはんをあげた！+XP
village.tap_hint,Tap villagers with bubbles to help them,Balonlu köylülere dokunup yardım et,Toca a los aldeanos con burbuja para ayudarlos,Toque nos moradores com balão para ajudar,"Tippe Dorfbewohner mit Blase an, um zu helfen",Touche les villageois à bulle pour les aider,"Нажимай на жителей с облачком, чтобы помочь",吹き出しの村人をタップして助けよう
village.needs_level,"Needs village Lv {0}","Köy Sv. {0} gerekli","Requiere aldea Nv. {0}","Requer vila Nv. {0}","Braucht Dorf Lv. {0}","Village niv. {0} requis","Нужна деревня ур. {0}","村Lv.{0}が必要"
village.housing,"Homes {0}/{1}","Ev {0}/{1}","Casas {0}/{1}","Casas {0}/{1}","Häuser {0}/{1}","Logis {0}/{1}","Дома {0}/{1}","家 {0}/{1}"
village.food,"Food {0}","Yiyecek {0}","Comida {0}","Comida {0}","Essen {0}","Nourriture {0}","Еда {0}","食料 {0}"
village.happiness,"Happiness {0}%","Mutluluk %{0}","Felicidad {0}%","Felicidade {0}%","Glück {0}%","Bonheur {0}%","Счастье {0}%","幸福度 {0}%"
village.level,"Village Lv {0}","Köy Sv. {0}","Aldea Nv. {0}","Vila Nv. {0}","Dorf Lv. {0}","Village niv. {0}","Деревня ур. {0}","村 Lv.{0}"
village.market.desc,The village pays you coins at dawn,Köy her sabah para verir,La aldea te paga al amanecer,A vila paga moedas ao amanhecer,Das Dorf zahlt dir Münzen im Morgengrauen,Le village te paie à l'aube,Деревня платит монеты на рассвете,夜明けに村がコインをくれる
village.market.name,Market,Pazar,Mercado,Mercado,Markt,Marché,Рынок,市場
village.shipyard.desc,A faster boat,Daha hızlı tekne,Un barco más rápido,Um barco mais rápido,Ein schnelleres Boot,Un bateau plus rapide,Быстрее лодка,より速いボート
village.shipyard.name,Shipyard,Tersane,Astillero,Estaleiro,Werft,Chantier naval,Верфь,造船所
village.workshop.desc,+12% longer night,Gece %12 daha uzun,Noche +12% más larga,Noite +12% mais longa,Nacht +12% länger,Nuit +12% plus longue,Ночь на 12% длиннее,夜が12%長くなる
village.workshop.name,Lamp Workshop,Fener Atölyesi,Taller de faroles,Oficina de lanternas,Laternenwerkstatt,Atelier des lanternes,Мастерская фонарей,ランプ工房
village.restaurant.desc,+30% coins per rescue,Kurtarma başına +%30 para,+30% monedas por rescate,+30% moedas por resgate,+30% Münzen pro Rettung,+30% de pièces par sauvetage,+30% монет за спасение,救助ごとのコイン+30%
village.restaurant.name,Restaurant,Restoran,Restaurante,Restaurante,Restaurant,Restaurant,Ресторан,レストラン
village.shelter.desc,+1 seat on your boat,Teknede +1 yer,+1 asiento en el barco,+1 lugar no barco,+1 Platz im Boot,+1 place dans le bateau,+1 место в лодке,ボートの座席+1
village.shelter.name,Shelter,Barınak,Refugio,Abrigo,Unterkunft,Abri,Приют,避難所
village.max,Complete,Tamamlandı,Completo,Completo,Fertig,Terminé,Готово,完成
village.upgrade,Build,İnşa et,Construir,Construir,Bauen,Construire,Строить,建てる
village.population,"{0} people live here","Burada {0} kişi yaşıyor","Aquí viven {0} personas","{0} pessoas moram aqui","{0} Leute wohnen hier","{0} habitants","Здесь живут {0} чел.","{0}人が暮らしています"
village.title,Your Village,Köyün,Tu aldea,Sua vila,Dein Dorf,Ton village,Твоя деревня,あなたの村
menu.lighthouse,Village,Köy,Aldea,Vila,Dorf,Village,Деревня,村
hud.lighthouse_lit,"Lighthouse lit! +{0} saved","Fener yandı! +{0} kurtarıldı","¡Faro encendido! +{0} a salvo","Farol aceso! +{0} salvos","Leuchtturm an! +{0} gerettet","Phare allumé ! +{0} sauvés","Маяк зажжён! +{0} спасено","灯台点灯！+{0}人救助"
common.ok,OK,Tamam,OK,OK,OK,OK,ОК,OK
common.close,Close,Kapat,Cerrar,Fechar,Schließen,Fermer,Закрыть,閉じる
common.loading,Loading...,Yükleniyor...,Cargando...,Carregando...,Lädt...,Chargement...,Загрузка...,読み込み中...
common.locked,Locked,Kilitli,Bloqueado,Bloqueado,Gesperrt,Verrouillé,Закрыто,ロック中
common.claim,Claim,Al,Reclamar,Resgatar,Abholen,Récupérer,Забрать,受け取る
common.claimed,Claimed,Alındı,Reclamado,Resgatado,Abgeholt,Récupéré,Получено,受け取り済み
common.collect,Collect,Topla,Recoger,Coletar,Einsammeln,Récolter,Собрать,回収
common.continue,Continue,Devam,Continuar,Continuar,Weiter,Continuer,Продолжить,続ける
common.home,Home,Ana Menü,Inicio,Início,Menü,Accueil,Меню,ホーム
common.retry,Retry,Tekrar Dene,Reintentar,Tentar de novo,Nochmal,Réessayer,Ещё раз,リトライ
common.on,On,Açık,Sí,Ligado,An,Oui,Вкл.,オン
common.off,Off,Kapalı,No,Desligado,Aus,Non,Выкл.,オフ
menu.play,PLAY,OYNA,JUGAR,JOGAR,SPIELEN,JOUER,ИГРАТЬ,プレイ
menu.level,Level {0},Bölüm {0},Nivel {0},Fase {0},Level {0},Niveau {0},Уровень {0},レベル {0}
menu.shop,Shop,Mağaza,Tienda,Loja,Shop,Boutique,Магазин,ショップ
menu.boats,Boats,Tekneler,Barcos,Barcos,Boote,Bateaux,Лодки,ボート
menu.missions,Missions,Görevler,Misiones,Missões,Missionen,Missions,Задания,ミッション
menu.spin,Daily Spin,Günlük Çark,Ruleta diaria,Roleta diária,Tagesrad,Roue du jour,Колесо дня,デイリースピン
menu.settings,Settings,Ayarlar,Ajustes,Configurações,Einstellungen,Paramètres,Настройки,設定
menu.stars,{0} stars,{0} yıldız,{0} estrellas,{0} estrelas,{0} Sterne,{0} étoiles,Звёзд: {0},スター {0}
hud.bumped,"Ouch! {0} aboard","Eyvah! Teknede {0} kişi","¡Ay! {0} a bordo","Ai! {0} a bordo","Autsch! {0} an Bord","Aïe ! {0} à bord","Ой! На борту {0}","いたっ！乗船{0}人"
hud.steer_hint,"Hold: dive · Release: fly · Tap: hop over rocks","Basılı tut: dal · Bırak: uç · Dokun: kayadan zıpla","Mantén: sumérgete · Suelta: vuela · Toca: salta rocas","Segure: mergulhe · Solte: voe · Toque: pule rochas","Halten: tauchen · Loslassen: fliegen · Tippen: über Felsen hüpfen","Maintiens : plonge · Relâche : vole · Touche : saute les rochers","Держи: ныряй · Отпусти: лети · Тап: прыжок через камни","長押し:潜る・離す:飛ぶ・タップ:岩をジャンプ"
hud.tide_turned,"The tide turns back! ({0} left)","Gelgit geri döndü! ({0} kaldı)","¡La marea retrocede! (quedan {0})","A maré volta! (restam {0})","Die Flut dreht zurück! (noch {0})","La marée recule ! (encore {0})","Прилив повернул назад! (осталось {0})","潮が戻る！（残り{0}）"
hud.perfect_crest,PERFECT CREST!,MÜKEMMEL DALGA!,¡CRESTA PERFECTA!,CRISTA PERFEITA!,PERFEKTE WELLE!,CRÊTE PARFAITE !,ИДЕАЛЬНЫЙ ГРЕБЕНЬ!,パーフェクト！
hud.near_miss,NEAR MISS!,KIL PAYI!,¡POR POCO!,POR UM TRIZ!,KNAPP!,DE JUSTESSE !,НА ВОЛОСОК!,ニアミス！
hud.multiplier,x{0},x{0},x{0},x{0},x{0},x{0},x{0},x{0}
hud.full_moon,FULL MOON!,DOLUNAY!,¡LUNA LLENA!,LUA CHEIA!,VOLLMOND!,PLEINE LUNE !,ПОЛНОЛУНИЕ!,満月！
hud.moonstones,{0}/{1},{0}/{1},{0}/{1},{0}/{1},{0}/{1},{0}/{1},{0}/{1},{0}/{1}
hud.shield,Shield saved you!,Kalkan seni kurtardı!,¡El escudo te salvó!,O escudo te salvou!,Schild hat dich gerettet!,Le bouclier t'a sauvé !,Щит спас тебя!,シールドが守った！
hud.passengers_boarded,+{0} passengers,+{0} yolcu,+{0} pasajeros,+{0} passageiros,+{0} Passagiere,+{0} passagers,+{0} пассажиров,乗客 +{0}
hud.align,Hold the tide!,Suyu sabit tut!,¡Mantén la marea!,Segure a maré!,Halte die Flut!,Tiens la marée !,Держи уровень!,潮をキープ！
hud.storm,Storm incoming!,Fırtına geliyor!,¡Se acerca una tormenta!,Tempestade chegando!,Sturm zieht auf!,Tempête en approche !,Надвигается шторм!,嵐が来る！
hud.fog,Fog ahead!,Önünde sis var!,¡Niebla adelante!,Neblina à frente!,Nebel voraus!,Brouillard devant !,Впереди туман!,前方に霧！
hud.eclipse,Eclipse in {0}...,Tutulmaya {0}...,Eclipse en {0}...,Eclipse em {0}...,Finsternis in {0}...,Éclipse dans {0}...,Затмение через {0}...,{0}秒後に日食...
hud.eclipse_now,Eclipse! Hold steady!,Tutulma! Sabit kal!,¡Eclipse! ¡Aguanta!,Eclipse! Aguente firme!,Finsternis! Ruhig bleiben!,Éclipse ! Tiens bon !,Затмение! Держись!,日食！そのまま耐えろ！
hud.boss,Kraken {0}/{1},Kraken {0}/{1},Kraken {0}/{1},Kraken {0}/{1},Krake {0}/{1},Kraken {0}/{1},Кракен {0}/{1},クラーケン {0}/{1}
hud.boss_defeated,Kraken defeated!,Kraken yenildi!,¡Kraken derrotado!,Kraken derrotado!,Krake besiegt!,Kraken vaincu !,Кракен повержен!,クラーケン撃破！
hud.new_best,New best!,Yeni rekor!,¡Nuevo récord!,Novo recorde!,Neuer Rekord!,Nouveau record !,Новый рекорд!,ベスト更新！
pause.title,Paused,Duraklatıldı,Pausa,Pausado,Pause,Pause,Пауза,一時停止
pause.resume,Resume,Devam Et,Reanudar,Retomar,Fortsetzen,Reprendre,Продолжить,再開
pause.finish,Finish Night,Geceyi Bitir,Terminar noche,Terminar noite,Nacht beenden,Finir la nuit,Закончить ночь,夜を終える
pause.restart,Restart,Yeniden Başla,Reiniciar,Reiniciar,Neustart,Recommencer,Заново,やり直す
fail.title,Shipwrecked!,Gemi battı!,¡Naufragio!,Naufrágio!,Schiffbruch!,Naufrage !,Кораблекрушение!,難破！
fail.rock,You hit a rock,Kayaya çarptın,Chocaste con una roca,Você bateu numa pedra,Du bist auf einen Felsen gefahren,Tu as percuté un rocher,Ты налетел на скалу,岩にぶつかった
fail.bridge,You hit a bridge,Köprüye çarptın,Chocaste con un puente,Você bateu numa ponte,Du bist gegen eine Brücke gefahren,Tu as percuté un pont,Ты врезался в мост,橋にぶつかった
fail.aground,You ran aground,Karaya oturdun,Encallaste,Você encalhou,Du bist auf Grund gelaufen,Tu t'es échoué,Ты сел на мель,座礁した
fail.shark,A shark got you,Köpekbalığı yakaladı,Te atrapó un tiburón,Um tubarão te pegou,Ein Hai hat dich erwischt,Un requin t'a eu,Тебя схватила акула,サメにやられた
fail.kraken,The Kraken got you,Kraken seni yakaladı,El Kraken te atrapó,O Kraken te pegou,Der Krake hat dich erwischt,Le Kraken t'a eu,Тебя схватил Кракен,クラーケンにやられた
fail.rewind,Rewind the Tide,Gelgiti Geri Sar,Rebobinar la marea,Voltar a maré,Flut zurückspulen,Rembobiner la marée,Отмотать прилив,潮を巻き戻す
fail.rewind_desc,Watch an ad to rewind 3 seconds,3 saniye geri sarmak için reklam izle,Mira un anuncio para retroceder 3 segundos,Assista a um anúncio para voltar 3 segundos,"Sieh dir eine Werbung an, um 3 Sekunden zurückzuspulen",Regarde une pub pour revenir 3 secondes en arrière,"Посмотри рекламу, чтобы отмотать 3 секунды",広告を見て3秒巻き戻す
win.title,Harbor reached!,Limana ulaştın!,¡Llegaste al puerto!,Porto alcançado!,Hafen erreicht!,Port atteint !,Гавань достигнута!,港に到着！
win.score,Score {0},Skor {0},Puntos {0},Pontos {0},Punkte {0},Score {0},Очки: {0},スコア {0}
win.reward,+{0},+{0},+{0},+{0},+{0},+{0},+{0},+{0}
win.triple,Triple your reward,Ödülünü üçe katla,Triplica tu recompensa,Triplique sua recompensa,Belohnung verdreifachen,Triple ta récompense,Утрой награду,報酬を3倍に
win.triple_desc,Watch an ad: {0} → {1},Reklam izle: {0} → {1},Mira un anuncio: {0} → {1},Assista a um anúncio: {0} → {1},Werbung ansehen: {0} → {1},Regarde une pub : {0} → {1},Смотри рекламу: {0} → {1},広告を見る：{0} → {1}
win.boss_chest,The Kraken dropped a chest!,Kraken bir sandık düşürdü!,¡El Kraken soltó un cofre!,O Kraken deixou um baú!,Der Krake hat eine Truhe fallen lassen!,Le Kraken a lâché un coffre !,Кракен оставил сундук!,クラーケンが宝箱を落とした！
ads.not_ready,Ad not available right now. Try again soon.,Şu an reklam yok. Birazdan tekrar dene.,No hay anuncios ahora. Inténtalo pronto.,Nenhum anúncio disponível agora. Tente logo mais.,Gerade keine Werbung verfügbar. Versuch es gleich nochmal.,Aucune pub disponible. Réessaie bientôt.,Реклама сейчас недоступна. Попробуй чуть позже.,現在広告がありません。後でもう一度お試しください。
ads.closed_early,Watch the whole ad to get your reward.,Ödül için reklamın tamamını izle.,Mira el anuncio completo para obtener tu recompensa.,Assista ao anúncio inteiro para ganhar a recompensa.,"Sieh dir die ganze Werbung an, um die Belohnung zu erhalten.",Regarde la pub en entier pour obtenir ta récompense.,"Досмотри рекламу до конца, чтобы получить награду.",報酬を得るには広告を最後まで見てください。
ads.watch,Watch ad,Reklam izle,Ver anuncio,Ver anúncio,Werbung ansehen,Voir la pub,Смотреть,広告を見る
idle.title,Collect your earnings,Kazancını topla,Recoge tus ganancias,Colete seus ganhos,Einnahmen einsammeln,Récolte tes gains,Забери заработок,収益を回収
idle.body,Your lighthouses earned {0} coins while you were away.,Sen yokken fenerlerin {0} altın kazandı.,Tus faros ganaron {0} monedas mientras no estabas.,Seus faróis renderam {0} moedas enquanto você estava fora.,"Deine Leuchttürme haben {0} Münzen verdient, während du weg warst.",Tes phares ont gagné {0} pièces pendant ton absence.,"Пока тебя не было, маяки заработали {0} монет.",不在中に灯台が{0}コインを稼ぎました。
idle.double,Double it,İkiye katla,Duplícalo,Dobrar,Verdoppeln,Double-le,Удвоить,2倍にする
idle.rate,{0} coins/hour,{0} altın/saat,{0} monedas/hora,{0} moedas/hora,{0} Münzen/Std.,{0} pièces/heure,{0} монет/час,{0}コイン/時
idle.full,Storage full!,Depo dolu!,¡Almacén lleno!,Estoque cheio!,Speicher voll!,Stock plein !,Хранилище полно!,貯蔵いっぱい！
lighthouse.title,Lighthouse,Deniz Feneri,Faro,Farol,Leuchtturm,Phare,Маяк,灯台
lighthouse.build,Build,İnşa Et,Construir,Construir,Bauen,Construire,Строить,建設
lighthouse.stage,Stage {0}/{1},Aşama {0}/{1},Fase {0}/{1},Etapa {0}/{1},Stufe {0}/{1},Étape {0}/{1},Этап {0}/{1},段階 {0}/{1}
lighthouse.complete,Complete!,Tamamlandı!,¡Completado!,Concluído!,Fertig!,Terminé !,Готово!,完成！
lighthouse.region_locked,Needs {0} stars,{0} yıldız gerekli,Necesitas {0} estrellas,Precisa de {0} estrelas,Benötigt {0} Sterne,Nécessite {0} étoiles,Нужно звёзд: {0},スター{0}個が必要
boats.title,Boats,Tekneler,Barcos,Barcos,Boote,Bateaux,Лодки,ボート
boats.select,Select,Seç,Elegir,Escolher,Wählen,Choisir,Выбрать,選択
boats.selected,Selected,Seçildi,Elegido,Escolhido,Gewählt,Choisi,Выбрано,選択中
boats.buy,Buy,Satın Al,Comprar,Comprar,Kaufen,Acheter,Купить,購入
boats.try,Try for one level,Bir bölüm dene,Pruébalo un nivel,Teste por uma fase,Ein Level testen,Essaie un niveau,Попробовать на уровень,1レベル試す
boats.owned,Owned,Sahipsin,Tuyo,Seu,Im Besitz,Possédé,Есть,所持
boats.iap_only,Starter Pack exclusive,Başlangıç Paketine özel,Exclusivo del Pack de inicio,Exclusivo do Pacote Inicial,Exklusiv im Starterpaket,Exclusif au Pack de départ,Только в стартовом наборе,スターターパック限定
perk.none,No special ability,Özel yeteneği yok,Sin habilidad especial,Sem habilidade especial,Keine Spezialfähigkeit,Aucune capacité spéciale,Без особых способностей,特殊能力なし
perk.coin_bonus,+{0}% coins,+%{0} altın,+{0}% monedas,+{0}% moedas,+{0} % Münzen,+{0} % de pièces,+{0}% монет,コイン +{0}%
perk.shields,Survives {0} crash per level,Bölüm başına {0} kazaya dayanır,Resiste {0} choque por nivel,Resiste a {0} batida por fase,Übersteht {0} Crash pro Level,Survit à {0} choc par niveau,Выдерживает {0} удар за уровень,1レベルにつき{0}回の衝突に耐える
perk.launch,+{0}% wave launch height,+%{0} dalga fırlatma yüksekliği,+{0}% altura de lanzamiento,+{0}% altura do salto na onda,+{0} % Wellensprung-Höhe,+{0} % de hauteur de saut,+{0}% к высоте прыжка на волне,波ジャンプの高さ +{0}%
perk.near_miss,+{0}% near-miss window,+%{0} kıl payı aralığı,+{0}% margen de «por poco»,+{0}% margem de «por um triz»,+{0} % Knapp-Fenster,+{0} % de marge de justesse,+{0}% к окну «на волосок»,ニアミス判定 +{0}%
perk.full_moon,+{0}s Full Moon,Dolunay +{0} sn,+{0} s de Luna llena,+{0}s de Lua Cheia,+{0} s Vollmond,+{0} s de Pleine Lune,+{0} с полнолуния,満月 +{0}秒
perk.moonstones,Starts with {0} moonstones,{0} ay taşıyla başlar,Empieza con {0} piedras lunares,Começa com {0} pedras da lua,Startet mit {0} Mondsteinen,Commence avec {0} pierres de lune,Начинает с {0} лунными камнями,ムーンストーン{0}個でスタート
perk.passengers,+{0}% passenger coins,+%{0} yolcu altını,+{0}% monedas por pasajero,+{0}% moedas por passageiro,+{0} % Passagier-Münzen,+{0} % de pièces par passager,+{0}% монет за пассажиров,乗客コイン +{0}%
perk.magnet,Pickup magnet +{0},Toplama mıknatısı +{0},Imán de objetos +{0},Ímã de itens +{0},Sammelmagnet +{0},Aimant à bonus +{0},Магнит предметов +{0},アイテム磁石 +{0}
perk.idle,+{0}% idle income,+%{0} pasif gelir,+{0}% ingresos pasivos,+{0}% renda passiva,+{0} % passives Einkommen,+{0} % de revenus passifs,+{0}% пассивного дохода,放置収入 +{0}%
rarity.common,Common,Sıradan,Común,Comum,Gewöhnlich,Commun,Обычная,コモン
rarity.rare,Rare,Nadir,Raro,Raro,Selten,Rare,Редкая,レア
rarity.epic,Epic,Destansı,Épico,Épico,Episch,Épique,Эпическая,エピック
rarity.legendary,Legendary,Efsanevi,Legendario,Lendário,Legendär,Légendaire,Легендарная,レジェンド
shop.title,Shop,Mağaza,Tienda,Loja,Shop,Boutique,Магазин,ショップ
shop.remove_ads,Remove Ads,Reklamları Kaldır,Quitar anuncios,Remover anúncios,Werbung entfernen,Supprimer les pubs,Убрать рекламу,広告を削除
shop.remove_ads_desc,No more interstitials or banners. Reward ads stay optional.,Artık ara reklam ve banner yok. Ödüllü reklamlar isteğe bağlı kalır.,Sin anuncios intersticiales ni banners. Los anuncios con recompensa siguen siendo opcionales.,Sem anúncios intersticiais ou banners. Anúncios com recompensa continuam opcionais.,Keine Zwischen- oder Bannerwerbung mehr. Belohnungswerbung bleibt freiwillig.,Plus d'interstitiels ni de bannières. Les pubs récompensées restent facultatives.,Никаких межстраничных и баннеров. Реклама за награду — по желанию.,インタースティシャルとバナーを非表示。リワード広告は任意のまま。
shop.starter,Starter Pack,Başlangıç Paketi,Pack de inicio,Pacote Inicial,Starterpaket,Pack de départ,Стартовый набор,スターターパック
shop.starter_desc,Remove Ads + rare boat + {0} coins,Reklamsız + nadir tekne + {0} altın,Sin anuncios + barco raro + {0} monedas,Sem anúncios + barco raro + {0} moedas,Werbefrei + seltenes Boot + {0} Münzen,Sans pubs + bateau rare + {0} pièces,Без рекламы + редкая лодка + {0} монет,広告削除＋レアボート＋{0}コイン
shop.offer_ends,Offer ends in {0},Teklif {0} sonra bitiyor,La oferta termina en {0},A oferta termina em {0},Angebot endet in {0},L'offre se termine dans {0},Предложение истекает через {0},残り {0}
shop.coin_packs,Coin packs,Altın paketleri,Packs de monedas,Pacotes de moedas,Münzpakete,Packs de pièces,Наборы монет,コインパック
shop.best_value,Best value,En avantajlı,Mejor valor,Melhor custo-benefício,Bester Wert,Meilleure offre,Выгоднее всего,お得
shop.restore,Restore Purchases,Satın Alımları Geri Yükle,Restaurar compras,Restaurar compras,Käufe wiederherstellen,Restaurer les achats,Восстановить покупки,購入を復元
shop.purchase_ok,Purchase complete!,Satın alma tamamlandı!,¡Compra completada!,Compra concluída!,Kauf abgeschlossen!,Achat effectué !,Покупка завершена!,購入完了！
shop.purchase_failed,Purchase failed. You were not charged.,Satın alma başarısız. Ücret alınmadı.,La compra falló. No se te cobró.,A compra falhou. Você não foi cobrado.,Kauf fehlgeschlagen. Dir wurde nichts berechnet.,Achat échoué. Tu n'as pas été débité.,Покупка не удалась. Деньги не списаны.,購入に失敗しました。請求はされていません。
shop.restored,Purchases restored,Satın alımlar geri yüklendi,Compras restauradas,Compras restauradas,Käufe wiederhergestellt,Achats restaurés,Покупки восстановлены,購入を復元しました
shop.owned,Owned,Sahipsin,Comprado,Comprado,Gekauft,Acheté,Куплено,購入済み
missions.title,Daily Missions,Günlük Görevler,Misiones diarias,Missões diárias,Tägliche Missionen,Missions du jour,Ежедневные задания,デイリーミッション
missions.refresh,New missions in {0},Yeni görevler {0} sonra,Nuevas misiones en {0},Novas missões em {0},Neue Missionen in {0},Nouvelles missions dans {0},Новые задания через {0},新ミッションまで {0}
mission.near_misses,Do {0} near misses,{0} kıl payı kurtuluş yap,Logra {0} «por poco»,Faça {0} «por um triz»,Schaffe {0} knappe Manöver,Réussis {0} passages de justesse,Сделай {0} манёвров «на волосок»,ニアミスを{0}回
mission.deliver_passengers,Deliver {0} passengers,{0} yolcu taşı,Lleva {0} pasajeros,Entregue {0} passageiros,Bring {0} Passagiere ans Ziel,Transporte {0} passagers,Доставь {0} пассажиров,乗客を{0}人運ぶ
mission.find_chests,Find {0} chests,{0} sandık bul,Encuentra {0} cofres,Encontre {0} baús,Finde {0} Truhen,Trouve {0} coffres,Найди {0} сундуков,宝箱を{0}個見つける
mission.complete_levels,Complete {0} levels,{0} bölüm bitir,Completa {0} niveles,Complete {0} fases,Schließe {0} Level ab,Termine {0} niveaux,Пройди {0} уровней,レベルを{0}回クリア
mission.collect_stars,Collect {0} stars,{0} yıldız topla,Recoge {0} estrellas,Colete {0} estrelas,Sammle {0} Sterne,Ramasse {0} étoiles,Собери {0} звёзд,スターを{0}個集める
mission.wave_launches,Do {0} wave launches,{0} dalga fırlatması yap,Haz {0} saltos de ola,Faça {0} saltos na onda,Mach {0} Wellensprünge,Fais {0} sauts de vague,Сделай {0} прыжков на волне,波ジャンプを{0}回
mission.full_moons,Trigger {0} Full Moons,{0} Dolunay başlat,Activa {0} Lunas llenas,Ative {0} Luas Cheias,Löse {0}× Vollmond aus,Déclenche {0} Pleines Lunes,Вызови {0} полнолуний,満月を{0}回発動
mission.three_star,Get 3 stars on {0} levels,{0} bölümde 3 yıldız al,Consigue 3 estrellas en {0} niveles,Ganhe 3 estrelas em {0} fases,Hol 3 Sterne in {0} Leveln,Obtiens 3 étoiles sur {0} niveaux,Получи 3 звезды на {0} уровнях,{0}レベルで星3つ獲得
spin.title,Daily Spin,Günlük Çark,Ruleta diaria,Roleta diária,Tagesrad,Roue du jour,Колесо дня,デイリースピン
spin.free,Spin for free!,Ücretsiz çevir!,¡Gira gratis!,Gire grátis!,Gratis drehen!,Tourne gratuitement !,Крути бесплатно!,無料でスピン！
spin.extra,Extra spin,Ekstra çevirme,Giro extra,Giro extra,Extra-Dreh,Tour bonus,Доп. вращение,追加スピン
spin.left,{0} left today,Bugün {0} hak kaldı,Quedan {0} hoy,Restam {0} hoje,Heute noch {0},Encore {0} aujourd'hui,Осталось сегодня: {0},本日残り{0}回
spin.tomorrow,Come back tomorrow,Yarın tekrar gel,Vuelve mañana,Volte amanhã,Komm morgen wieder,Reviens demain,Возвращайся завтра,また明日
spin.won,You won {0}!,{0} kazandın!,¡Ganaste {0}!,Você ganhou {0}!,Du hast {0} gewonnen!,Tu as gagné {0} !,Ты выиграл: {0}!,{0}を獲得！
streak.title,Daily Reward,Günlük Ödül,Recompensa diaria,Recompensa diária,Tagesbelohnung,Récompense du jour,Ежедневная награда,デイリー報酬
streak.day,Day {0},{0}. Gün,Día {0},Dia {0},Tag {0},Jour {0},День {0},{0}日目
chest.title,Boss Chest,Boss Sandığı,Cofre del jefe,Baú do chefe,Boss-Truhe,Coffre de boss,Сундук босса,ボス宝箱
chest.open_key,Open with key,Anahtarla aç,Abrir con llave,Abrir com chave,Mit Schlüssel öffnen,Ouvrir avec une clé,Открыть ключом,鍵で開ける
chest.open_ad,Open (watch ad),Aç (reklam izle),Abrir (ver anuncio),Abrir (ver anúncio),Öffnen (Werbung),Ouvrir (voir une pub),Открыть (реклама),開ける（広告を見る）
chest.keys,Keys: {0},Anahtar: {0},Llaves: {0},Chaves: {0},Schlüssel: {0},Clés : {0},Ключи: {0},鍵：{0}
chest.got,You got {0} coins!,{0} altın kazandın!,¡Conseguiste {0} monedas!,Você ganhou {0} moedas!,Du hast {0} Münzen bekommen!,Tu as obtenu {0} pièces !,Ты получил {0} монет!,{0}コイン獲得！
reward.coins,{0} coins,{0} altın,{0} monedas,{0} moedas,{0} Münzen,{0} pièces,{0} монет,{0}コイン
reward.keys,{0} keys,{0} anahtar,{0} llaves,{0} chaves,{0} Schlüssel,{0} clés,Ключи: {0},鍵{0}個
settings.title,Settings,Ayarlar,Ajustes,Configurações,Einstellungen,Paramètres,Настройки,設定
settings.music,Music,Müzik,Música,Música,Musik,Musique,Музыка,音楽
settings.sound,Sound,Ses,Sonido,Som,Sound,Son,Звук,効果音
settings.haptics,Haptics,Titreşim,Vibración,Vibração,Vibration,Vibrations,Вибрация,振動
settings.language,Language,Dil,Idioma,Idioma,Sprache,Langue,Язык,言語
settings.privacy,Privacy options,Gizlilik seçenekleri,Opciones de privacidad,Opções de privacidade,Datenschutzoptionen,Options de confidentialité,Настройки конфиденциальности,プライバシー設定
settings.privacy_policy,Privacy policy,Gizlilik politikası,Política de privacidad,Política de privacidade,Datenschutzerklärung,Politique de confidentialité,Политика конфиденциальности,プライバシーポリシー
settings.version,Version {0},Sürüm {0},Versión {0},Versão {0},Version {0},Version {0},Версия {0},バージョン {0}
region.tropical_lagoon,Tropical Lagoon,Tropik Lagün,Laguna Tropical,Lagoa Tropical,Tropische Lagune,Lagon Tropical,Тропическая лагуна,トロピカルラグーン
region.frozen_north,Frozen North,Donmuş Kuzey,Norte Helado,Norte Congelado,Eisiger Norden,Nord Gelé,Ледяной Север,凍てつく北
region.volcanic_isles,Volcanic Isles,Volkan Adaları,Islas Volcánicas,Ilhas Vulcânicas,Vulkaninseln,Îles Volcaniques,Вулканические острова,火山諸島
region.sunken_city,Sunken City,Batık Şehir,Ciudad Sumergida,Cidade Submersa,Versunkene Stadt,Cité Engloutie,Затонувший город,沈んだ都
region.midnight_sea,Midnight Sea,Gece Yarısı Denizi,Mar de Medianoche,Mar da Meia-Noite,Mitternachtsmeer,Mer de Minuit,Полуночное море,真夜中の海
region.locked,Region locked,Bölge kilitli,Región bloqueada,Região bloqueada,Region gesperrt,Région verrouillée,Регион закрыт,エリア未開放
boat.dinghy.name,Dinghy,Sandal,Bote,Bote,Beiboot,Canot,Шлюпка,ディンギー
boat.skiff.name,Skiff,Kayık,Esquife,Esquife,Skiff,Skiff,Ялик,スキフ
boat.fisher.name,Fisher,Balıkçı,Pesquero,Pesqueiro,Fischkutter,Chalutier,Рыбак,漁船
boat.ducky.name,Rubber Ducky,Lastik Ördek,Patito de goma,Patinho de borracha,Quietscheente,Canard en caoutchouc,Резиновая уточка,ラバーダッキー
boat.lantern.name,Lantern Junk,Fenerli Jonk,Junco farol,Junco-lanterna,Laternen-Dschunke,Jonque-lanterne,Джонка-фонарь,ランタン船
boat.catamaran.name,Catamaran,Katamaran,Catamarán,Catamarã,Katamaran,Catamaran,Катамаран,カタマラン
boat.tug.name,Tugboat,Römorkör,Remolcador,Rebocador,Schlepper,Remorqueur,Буксир,タグボート
boat.moonrunner.name,Moonrunner,Ay Koşucusu,Corredor lunar,Corredor lunar,Mondläufer,Coureur de lune,Лунный бегун,ムーンランナー
boat.pearl.name,Pearl Sloop,İnci Slup,Balandra Perla,Chalupa Pérola,Perlenschaluppe,Sloop Perle,Жемчужный шлюп,パール号
boat.viking.name,Longship,Viking Gemisi,Drakar,Drakkar,Langschiff,Drakkar,Драккар,ロングシップ
boat.gondola.name,Gondola,Gondol,Góndola,Gôndola,Gondel,Gondole,Гондола,ゴンドラ
boat.icebreaker.name,Ice Breaker,Buzkıran,Rompehielos,Quebra-gelo,Eisbrecher,Brise-glace,Ледокол,砕氷船
boat.ember.name,Ember Raft,Kor Salı,Balsa de brasas,Jangada de brasas,Glutfloß,Radeau de braise,Огненный плот,エンバーラフト
boat.sub.name,Tiny Sub,Minik Denizaltı,Minisubmarino,Minissubmarino,Mini-U-Boot,Mini sous-marin,Мини-субмарина,ミニ潜水艦
boat.pirate.name,Pirate Brig,Korsan Brigi,Bergantín pirata,Brigue pirata,Piratenbrigg,Brick pirate,Пиратский бриг,海賊ブリッグ
boat.swan.name,Swan Boat,Kuğu Tekne,Barca cisne,Pedalinho cisne,Schwanenboot,Bateau cygne,Лодка-лебедь,スワンボート
boat.steamer.name,Paddle Steamer,Çarklı Vapur,Vapor de ruedas,Barco a vapor,Raddampfer,Bateau à aubes,Колёсный пароход,外輪船
boat.ghost.name,Ghost Ship,Hayalet Gemi,Barco fantasma,Navio fantasma,Geisterschiff,Vaisseau fantôme,Корабль-призрак,幽霊船
boat.starliner.name,Starliner,Yıldız Gemisi,Crucero estelar,Cruzeiro estelar,Sternenkreuzer,Paquebot stellaire,Звёздный лайнер,スターライナー
boat.leviathan.name,Leviathan,Leviathan,Leviatán,Leviatã,Leviathan,Léviathan,Левиафан,リヴァイアサン
